prompt_id,train_id,persuade_id,distance,text1,text2
0,ffc237e9,25003EA91F98,5,Vaubans streets are completly car free. 70 percent of vaughn's families do not own cars and 57 perce...,Vaubans streets are completly car free. 70 percfent of Vauban's families do not own cars ansd 57 per...
0,ba31c1dd,601BE472D15D,5,On Monday motorists with evennumbered license plates were ordered to leave their cars at home or suf...,On Monday motorists with even-numbered license plates were ordered to leave their cars at home or su...
0,b8fdb507,69789D46507C,5,"This is why walking or running or cycling is an ideal choice of transportation, and why automobiles ...","This is why walking or running or cycling is an ideal chioce of transporation, and why automoblies s..."
0,b7a92ebc,586C002A7B66,5,"In the text it states that, ""on Monday motorists with evennumbered license plates were ordered to le...","In the text it states that, ""on Monday motorists with even-numbered license plates were ordered to l..."
1,55ef0196,F25A34210445,5,Majoriay also plays an impaca on ahe voae of ahe presidency.,Majority also plays an impact on the vote of the presidency.
0,aee5bc2a,697CEFA55775,5,"In the article ""Paris bans driving due to smog"" according the writer , Robert Duffer it states in pa...","In the atricle ""Paris bans driving due to smog"" Accoding the writer , Robert Duffer it states in par..."
0,aa3115a0,03904638A08A,5,"Because their tax policy ""favors diesel over gasoline paragraph 16"", they're required to use diesel,...","Because their tax policy ""favors diesal over gasoline (paragraph 16)"", they're required to use diesa..."
1,55ef0196,F25A34210445,5,The popular voae process would eliminaae boah problems if ia was ahe only process.,The popular vote process would eliminate both problems if it was the only process.
1,aa17891a,ECBACB8EABB8,5,State legiilaturei are technically reiponiible for picking electori.,State legislatures are technically responsible for picking electors.
1,55ef0196,F25A34210445,5,They would do ahis ao make sure ahey goa as many voaes as possible.,They would do this to make sure they got as many votes as possible.
1,bc857771,669C59404DC1,5,"In the source, the Indefensible Electoral college: Why even the bestlaid defences of the system are ...","In the source, 'The Indefensible Electoral Coolege: Why even the best-laid defences of the system ar..."
1,aa17891a,ECBACB8EABB8,5,Thii wai the iingle beit argument againit the electoral college.,This was the single best argument against the electoral college.
1,59395fb5,980A866A6199,5,"The electoral College has been use since the 13 colonies, and has been ignoring the public ever sinc...","The Elctorial College has been use since the 13 Colnies, and has been ignoring the public ever since..."
1,59395fb5,980A866A6199,5,"Bradford Plumer says that the electoral college is unfair to voters, and candidates because of the w...","Bradford Plumer says that the electorial college is unfair to voters, and candidtaes because of the ..."
1,5a29f673,5B38B644790E,5,"Plumer, paragraph 14. Most americns believe that the electoral college is unfair and voting has beco...","(Plumer, paragraph 14.) Most americns believe that the elcetoral college is unfair and voting has be..."
1,5a3184fb,5773EED58DF2,5,"As stated in paragraph 11 of Bradford plumber's article, in 1960 segregationists in louisiana legisl...","As stated in paragraph 11 of Bradford Plumer's article, in 1960 segregationists in Louisiana's legis..."
1,5aa35c97,460FBFE78F78,5,The Electoral College restores some of the weight in the political balance that large states by popu...,The Electoral College restores some of the weight in the politial balance that large states ( by pop...
0,5b286cba,F7FA306DBFE2,5,"""On Monday motorists with evennumbered license plates were ordered to leave their cars at home or su...","""On Monday motorists with even-numbered license plates were ordered to leave their cars at home or s..."
0,6206d698,FDAD27942E2C,5,"Robert duffer, the author of Paris bans driving due to smog shows how well the ban worked in this qu...","Robert duffer, the author of Paris bans driving due to smog showes how well the ban worked in this q..."
0,625f42fd,B7E3734CD1FA,5,"""Car ownership is allowed, but there are only two places to parklarge garages at the edge of the dev...","""Car ownership is allowed, but there are only two places to park---large garages at the edge of the ..."
1,6479d145,2FA703D6B89C,5,"Eventhough some people think that the electoral collegee, should be no more, I strongly disagree, be...","Eventhough some people think that the electoral college, should be no more, I strongly disagree, bec..."
0,585624b3,0C19E4EC2547,5,"Here's another example, from carfree day is spinning into a big hit in bogota written by Andrew Sels...","Here's another example, from 'Car-free day is spinning into a big hit in Bogota' written by Andrew S..."
1,bf9968d8,27681E4EB137,5,"As said in source 1, the electorsal college process consists of the selection of the electorss which...","As said in source 1, the electoral college process consists of the selection of the electors [ which..."
1,bfe1f62c,166AAEE811BD,5,This presents the system to be truly flawed in the way that it is currently operating.,This persents the system to be truly flawed in the way that it is curantly operateing.
1,c3014be8,F8706CB01394,5,"The candidates mostly focus on the tight races curing in the ""swing states"" in 2000 many states didn...","The canidates mostly focus on the tight races ocuring in the ""swing states"" in 2000 many states didn..."
0,3953c14e,4878D556B370,5,"In Bogota, the capital of Colombia, businessman Carlos Arturo Plaza believes a carfree day is a good...","In Bogota, the capital of Colombia, businessman Carlos Arturo Plaza believes a car-free day is a goo..."
0,3b164103,46E51980E4FB,5,transportation has been a key part of many societies around the world today from getting to and from...,Transpotation has been a key part of many socities around the world today; from getting to and from ...
0,3b164103,46E51980E4FB,5,"Looking into the future, this shift could have great affects on today's societies which includes let...","Looking into the future, this shift could have great affects on today's socities; which includes let..."
0,3baf4091,A0A1B3E16EE5,5,Limiting the use of cars will have a really big benefit on the environment by stopping more emission...,Limiting the use of cars will have a really big benefit on the enviorment by stopping more emmisions...
0,3cd66fb5,06E1A0DC956F,5,"Limiting car usage may sound like a bad thing, but it has many advantages such as reducing pollution...","Limiting car usuage may sound like a bad thing, but it has many advangtages such as reducing polluti..."
1,3ede07a8,2C8521890B5A,5,"Almost all states have the ""winners take all"" method which according to ""What is te Electoral Colleg...","Almost all states have the ""winners take all"" method which according to ""What is te Electoral Colleg..."
0,3ee53216,EE34DF0C5C8B,5,When it comei to automobilei they can provide ui with numeroui benefiti.,When it comes to automobiles they can provide us with numerous benefits.
1,d0760e0d,649B2A197C4A,5,"Certainly not the citizens as a whole, most of the time its picked by the state government in some s...","Certainly not the citizens as a whole, most of the time its picked by the state governement in some ..."
0,cef0572a,46DBC71B9B37,5,"second off, Not using your car as much also creates a much safer environment for kids.","Secound off, Not useing your car as much also creates a much safer enviorment for kids."
1,c7cee2f0,4006B9AAD071,5,"Also this way there's a less chance of ""The residents of other reions to feel disenfranchisedto feel...","Also this way there's a less chance of ""The residents of other reions to feel disenfranchised-to fee..."
1,c7cee2f0,4006B9AAD071,5,"As, source 3 ""In Defense of the Electoral College: Five reasons to keep our despised method of choos...","As, Souce 3; ""In Defense of the Electoral College: Five reasons to keep our despised methaod of choo..."
1,4251dcfa,C29C6C6A5F04,5,"Say the state has a majority of Republican vote, so we then send 27 republican electors to the elect...","Say the state has a majority of Republican vote, so we then send 27 Rebulican electors to the Electo..."
1,44a87b40,3FFC2CE0E284,5,"in the passage "" The indefensible Electoral College"" the author states in margin 11 lines 24 that "" ...","in the passge "" The Indefenseible Electoral College"" the author states in margin 11 lines 2-4 that ""..."
0,469b495e,D698ED5E6B70,5,"because of this, they banned the use of automobiles for the day to air out the smog.","Becasue of this, they banned the use of automoblies for the day to air out the smog."
1,47228504,CC5894978F31,5,"There is also the point countered me. poster's article, which is that those in partydominated states...","There is also the point countered Mr. Posner's article, which is that those in party-dominated state..."
0,a1b43308,53A84336FC63,5,"For example, on Mondays drivers who's cars have evennumbered license plates must leave their cars at...","For example, on Mondays drivers who's cars have even-numbered license plates must leave their cars a..."
1,4b81d15e,6A088E8BBE02,5,The electors can be picked in many different ways. Sometimes they are they are picked at state conve...,The electors can be picked in many different ways. Sometimes they are they are picked at state conve...
1,c72e0e15,F5419CDEF2D6,5,"An example would be the election backing 2012, Obama had 61.7 percent of the electoral vote compared...","An example would be the election backin 2012, Obama had 61.7 percent of the electoral vote compared ..."
0,52fe7d33,457D9B0CF71F,5,"In carFree Day Is Spinning Into a Big Hit in bogota by Andrew Selsky, it demonstrates a perfect exam...","In 'Car-Free Day Is Spinning Into a Big Hit in Bogota' by Andrew Selsky, it demonstrates a perfect e..."
1,534e6fd0,DA4EF8FD6A18,5,Voters in tossup states are more likely to pay close attention to the campaign to really listen to t...,Voters in toss-up states are more likely to pay close attention to the campaign-- to really listen t...
0,c3b1bbab,F468E21A6DEE,5,"""Passenger cars are responsible for 12 percent of gas emissions in Europe... and up to 50 percent in...","""Passenger cars are responsible for 12 percent of gas emissions in Europe. . . and up to 50 percent ..."
0,65d7951c,59CF05D9EDF8,5,"If people were to limit their car usage, the amount of pollution and smog in the air would be reduce...","If people were to limit their car suage, the amount of polution and smog in the air would be reduced..."
1,666737e7,A1B2F28757E3,5,"Richard Posner, writer for slate magazine writes that this method is nondemocratic, and should be ov...","Richard Posner, writer for slate magizine writes that this method is non-democatic, and should be ov..."
1,66b2c283,1EC5C39D73B1,5,"imagine if you voted for a man who said ""If you vote for me to represent your state I will elect Oba...","Imagnie if you voted for a man who said ""If you vote for me to repersent your state I will elect Oba..."
1,66b2c283,1EC5C39D73B1,5,So that a popular vote for Kennedy would not have actually gone to kennedy.,(So that a popular vote for Kennedy would not have actually gone to Kenndey.)
0,8605b836,C77B2F850473,5,"You are coming home in what is called ""rush hour"" where everyone is getting off work around the same...","You are coming home in what is called ""rush hour"" where everyone is getting off work around the same..."
1,aa17891a,ECBACB8EABB8,5,"Remember the diiaiter factor , it ii unfair to voteri, and what if there ii a tie in the electoral v...","Remember the disaster factor , it is unfair to voters, and what if there is a tie in the electoral v..."
1,aa17891a,ECBACB8EABB8,5,"Aniwer: Aboliihing the electoral college!"" That'i not enough well, ""Over 60 percent of voteri would ...","Answer: Abolishing the electorial college!"" That's not enough well, ""Over 60 percent of voters would..."
0,a98fb39a,C7541CAAC3DA,5,"businessman Carlos Arturo Plaza from Bogota, Columbia which has implemented an effective program tha...","Buissnessman Carlos Arturo Plaza from Bogota, Columbia (which has implemented an effective program t..."
0,8d34ca8c,0A5DD6EDAC68,5,"In an article by Robert Duffer called ""Paris Bans Driving Due to Smog,"" he says: ""On Monday motorist...","In an article by Robert Duffer called ""Paris Bans Driving Due to Smog,"" he says: ""On Monday motorist..."
1,8ed5b866,37019C8C1ECD,5,"source 2, a. 13. Everyone has the right to vote but if their votes dont count whats the aoint?.","( source 2, p. 13). Everyone has the right to vote but if their votes dont count whats the point?."
0,a98fb39a,C7541CAAC3DA,5,"A residence has remarked on how she was ""...happier this way than when she had a car,""that when she ...","A residence has remarked on how she was ""...happier this way than when [she] had a car,""that when sh..."
0,9332774c,68612EF2F756,5,"Parks and sports centers have bloomed throughout cities uneven, pitted sidewalks have been replaced ...","Parks and sports centers have bloomed throughout cities; uneven, pitted sidewalks have been replaced..."
0,934b4465,1359CBF307DB,5,"Also, Paris had been found to have more smog that the other European capitals had, ""last week Paris ...","Also, Paris had been found to have more smog that the other European capitals had, ""[last] week Pari..."
1,94d6b27c,FE1203E26CAC,5,Even though if we did base the presidential election off of popular vote people might vote based off...,Even though if we did base the presidental election off of Poplular vote people might vote based off...
0,961d4ea9,30B80CDBD018,5,The new very popular laws will be imposed in many european countries and sonn the U.S.,The new very popular laws will be imposed in many Eurpoean countires and sonn the U.S.
1,9674a0c4,0A3BD65C583A,5,"Author of the "" The indefensible Electoral College"" Pulmer states ""at the most basic level, the elec...","Author of the "" The Indefinsible Electoral College"" Pulmer states ""at the most basic level, the elec..."
0,a8f57f7a,87715E303EE0,5,"""vaughn's streets a COMPLETELY car free besides the tram to downtown Feiburg and a few streets on th...","""Vauban's streets a COMPLETELY car free besides the tram to downtown Feiburg and a few streets on th..."
0,97bbf1ce,41AFCC3154D7,5,"The text also says ""Parks and sports centers also have bloomed throughout the city uneven, pitted si...","The text also says ""Parks and sports centers also have bloomed throughout the city; uneven, pittted ..."
1,9b24ed72,0DC356971CE2,5,So if the representative in MA was demcrait and the representative in TX was republican then the mor...,So if the representive in MA was demcrait and the representive in TX was republican then the mjorty ...
1,9b24ed72,0DC356971CE2,5,Some states don't even get to see the adds for some candidates because that stat morty is either rep...,Some states don't even get to see the adds for some candudates beacuse that stat mjorty is either re...
0,a7697a67,A6F6CE8D8725,5,"So, limiting car usage could provide us with many advantages because our environment will not nearly...","So, limitting car usuage could provide us with many advantages because our enviornment will not near..."
0,9dbd5eae,814488D5C66D,5,"""When I had a car I wai alwayi tenie. I'm much happier thii way"" iaid Heidrun Walter, a mother of tw...","""When I had a car I was always tense. I'm much happier this way"" said Heidrun Walter, a mother of tw..."
0,9dbd5eae,814488D5C66D,5,The fine ihould be higher alio to thoie who don't folaow the rulei.,The fine should be higher also to those who don't follow the rules.
0,9dbd5eae,814488D5C66D,5,Not uiing cari would be a huge problem iolver to moit of ui.,Not using cars would be a huge problem solver to most of us.
0,9fcd2d02,0586962EE9E8,5,"Car no doubly have been one of the largest, if not, the greatest inventions this world has ever seen...","Car no doubtly have been one of the largets, if not, the greatest invetnions this world has ever see..."
0,85a5c9c2,232A55A50FF0,5,"As said the text vayan, had completed a trend of separating the car use from the suburban life, this...","As said the text Vaban, had completed a trend of separating the car use from the surburban life, thi..."
1,38d14015,E53A89E4CAB5,5,"This system creates Swing States. according to Richard A. Posner ""method of awarding electoral votes...","This system creates Swing States. Acording to Richard A. Posner ""method of awarding electoral votes ..."
1,845a8af0,D7401AE3A016,5,Many people have had this thought but it has never became an actual reality and I personally believe...,Many peole have had this thought but it has never became an actual reality and I personally beleive ...
1,7ef24744,7003A818F22D,5,The Electoral College helps avoid runoff electionwhich can be detrimental to our Presidential Electi...,The Electoral College helps avoid run-off election(which can be detrimental to our Presidential Elec...
0,67905506,360718CF0DA4,5,"Paris had this problem before. In the article ""Paris bans driving due to smog"", Robert Duffer says t...","Paris had this problem before. In the article ""Paris bans driving due to smog"", Robert Duffer says t..."
1,68147c20,065FB99EB165,5,"First off, having an electoral college in unfair to those states of lower population, take Minnesota...","First off, having an electoral college in unfair to those states of lower population, take Minnesota..."
1,aa17891a,ECBACB8EABB8,5,"In 2000, the campaign that wai going on, well 17 itatei did not iee the candidatei at all.","In 2000, the campaign that was going on, well 17 states did not see the candidates at all."
1,aa17891a,ECBACB8EABB8,5,"Firit of all, leti juit take it into thought that it ii unfair to voteri.","First of all, lets just take it into thought that it is unfair to voters."
1,6ce5f8fb,EE0EDEEB4336,5,"The third main argument is ""Swing States."" ""The winnertakeall mathod of awarding electoral votes ind...","The third main argument is ""Swing States."" ""The winner-take-all mathod of awarding eletoral votes in..."
1,6d193869,252374C279E0,5,"electoral votes are unfair because the candidates only focus on the bigger states, ""During the 2000 ...","Electorial votes are unfair because the canidates only focus on the bigger states, ""During the 2000 ..."
1,6e163f76,A7CDCBAF12C8,5,"Like everyone, I have my reasons1 electoral college is a disaster factor' 2 Voters don't vote for th...","Like everyone, I have my reasons;1) 'Electoral college is a disaster factor' 2) Voters don't vote fo..."
1,6e5ea84e,E7F67FEC3CA1,5,"Next, The electoral College is widely regarded as an anachronism.","Next, The Elecotral College is widley regarded as an anachronism."
1,72de1467,945CCBB52DED,5,"Also, since most states in the U.S. award electoral votes by a winnertakesall basis according to Sou...","Also, since most states in the U.S. award electorial votes by a winner-takes-all basis (according to..."
1,743e9f23,4178B01DEEC6,5,Also in that same paragraph 18 it says that because almost all states award electoral votes on a win...,Also in that same paragraph (18) it says that because almost all states award electoral votes on a w...
0,745b9080,EA43C180B3E0,5,"They have reduced polution, the ever growing smog and the reliance that man kind has found in automo...","They ahve reduced polution, the ever growing smog and the relience that man kind has found in automo..."
1,74cfd859,54C324EE765F,5,"""Abolish the electorsal college!"". When you vote, you vote for ""a slate of electorss, who in turn el...","""Abolish the electroal college!"". When you vote, you vote for ""a slate of electors, who in turn elec..."
1,75c255e3,5E28624299A0,5,The electoral college is good because there is not as much controversy and if its been fine for this...,The electoral coolege is good beacuse there is not as much controversey and if its been fine for thi...
0,7611ff17,A89C66C7E89E,5,Paris has temporarily banned driving due to smog. Article 2 has said that their French citizens woul...,Paris has temporarily banned driving due to smog. Article 2 has said that their French citizens woul...
0,7b03bdee,B0734086A30E,5,This is because emissions from cars produce around 12 percent of the greenhouse gasses in Europe and...,This is because emissions from cars produce around 12 precent of the greenhouse gasses in Europe and...
0,7b03bdee,B0734086A30E,5,If people where to use more public transportation instead of personal cars people not have to worry ...,If people where to use more public transportaiton insted of personal cars people not have to worry a...
0,7c104f04,DA3B68ED05FE,5,"""passenger cars are responsible for 12% of greenhouse gas emissions in Europe... and up to 50% in so...","""Pasenger cars are responsible for 12% of greenhouse gas emissions in Europe... and up to 50% in som..."
0,7c104f04,DA3B68ED05FE,5,"""The smog cleared enough money for the ruling French party to rescind the ban for oddnumbered plates...","""The smog cleared enough Monay for the ruling French party to rescind the ban for odd-numbered plate..."
0,7cf9ac79,AEA5258DB0D5,5,"The term ""Urban commando"" is trademark of the k Branch of 4Chan. org and is not to be used by any pa...","The term ""Urban /k/ommando"" is trademark of the /k/ Branch of 4Chan. org and is not to be used by an..."
0,7e063298,5E5EEE870756,5,"cars are the leading source of pollution, everyday the pollution is ripping away at our ozone layer,...","cars are the leading source of polution, everyday the polution is ripping awway at our ozone layer, ..."
1,7e5e9ffb,807D6A3A679D,5,"Abolishing the electoral college! They're not alone according to a gallop poll in 2000, taken shortl...","Abolishing the electoral college! They're not alone; according to a Gallup poll in 2000, taken short..."
0,81977e6c,0E66C9CE5B7C,5,"""vaughn's streets are completely carfree,except the main thoroughfare, where the tram to downtown Fr...","""Vauban's streets are completely car-free, except the main thoroughfare, where the tram to downtown ..."
0,3897446e,7BFB52239293,5,"A survey shows ""70 percent of Vanuban's families do not own cars, and 57 percent sold a car to move ...","A servey shows ""70 precent of Vanuban's families do not own cars, and 57 precent sold a car to move ..."
1,4a8ce886,72E8EFB1A713,5,"The candidate wouldn't have to worry about losing even though he won the popular vote, it would be l...","The canidate wouldn't have to worry about losing even though he won the popular vote, it would be le..."
0,d4b3d8d2,F62B61EC5742,5,"One of the biggest examples is polution, also the removal of cars would ultimately lead to a financi...","One of the biggest examples is polution, also the removal of cars would ultimatley lead to a finacia..."
0,1b25a34a,1230F23889EE,5,"""parks and sports centers also have iloomed throughout the city uneven, pitted sidewalks have ieen r...","""parks and sports centers also have bloomed throughout the city; uneven, pitted sidewalks have been ..."
1,1a2a2034,FF489A3E4041,5,"Another example of this dilemma is shown by an excerpt from Bradford Plumer which says ""each state c...","Another example of this dilema is shown by an excerpt from Bradford Plumer whcih says ""each state ca..."
0,19fb1cce,6A83BE6517EE,5,paragraph 5. This staggering statistic can open your eyes to how much cars really effect the environ...,(paragraph 5). This staggering statistic can open your eyes to how much cars really effect the envri...
0,e4a5be91,F757A019B6BC,5,"The city has made an odd law, ""On Monday motorists with evennumbered license plates were ordered to ...","The city has made an odd law, ""On Monday motorists with even-numbered license plates were ordered to..."
1,175003c6,7BA04B28AD39,5,"The electoral college should be changed to popularity votes because, ""the electors could always defy...","The electoral college should be changed to popularity votes because, ""-(the) electors could always d..."
0,e495cc9c,4C2A9DAA5519,5,"""If the pattern persists and many sociologists believe it will it will have beneficial implications ...","""If the pattern persists- and many sociologists believe it will- it will have beneficial implication..."
0,1b25a34a,1230F23889EE,5,"now, reducing or getting rid of them seems like a viaile option iecause emissions will ie reduced, t...","now, reducing or getting rid of them seems like a viable option because emissions will be reduced, t..."
0,e495cc9c,4C2A9DAA5519,5,May of us can't even seem to grasp the concept. So many America's are too dependant on their vehicle...,May of us can't even seem to grasp the concpet. So many America's are too dependant on their vehicle...
0,119d35c6,E8D55D0C4BAF,5,Some people may claim that driving is a positive aspect of our culture because it allows us to get f...,Some people may claim that driving is a possitve aspect of our culture because it allows us to get f...
1,231ac52f,F680F4460788,5,"I say, we should gea rid of ahe elecaoral college. Ia's noa needed, and a pain.","I say, we should get rid of the electoral college. It's not needed, and a pain."
0,0f8bd702,D1A2D5B3B446,5,Over the years cars have been more extensively used and have a great percentage in world contaminati...,Over the years cars have been more exstensivly used and have a great percentage in world contaminati...
0,262ea1a1,72D9E31E9FDA,5,"Stated in source 1 ""Many experts expect public transport serving suburbs to play a much larger role ...","Stated in Soure 1 ""Many experts expect public transport serving suburbs to play a much larger role i..."
1,0d1dd9cf,E4A947EFF8FE,5,"But instead we're using plurality, when a candidate receives more votes than other candidates while ...","But instead we're using plurality, when a canidate recives more votes than other canidates while not..."
0,26d2254a,6BEC8B1F709C,5,"According to researchers people in CarFree communities feel less stress without their cars, because ...","According to researchers people in Car-Free communities feel less stress without their cars, becuase..."
0,119d35c6,E8D55D0C4BAF,5,source 2 paragraph 14 This is due to the fact that being's automobile use is extremely high.,(source 2 paragraph 14) This is due to the fact that Bejing's automobile use is extremly high.
0,dfb68b55,0E938F8D102D,5,Teens have begun using their summerlife to being in carpools or riding the bus to not only get aroun...,Teens have begun using their summer-life to being in carpools or riding the bus to not only get arou...
0,e96c53a6,58BEC4705B87,5,"Well some cities and even countries have begun to limit car usage such as VAUBAN, Germany where ""70 ...","Well some cities and even countries have begun to limit car usage such as VAUBAN, Germany where ""70 ..."
0,1c090353,3086486EEDFB,5,"Ownig a car is still allowed vauband uses large garages where people can store their cars,but a pers...","Ownig a car is still allowed vauband uses large garages where people can store thier cars,but a pers..."
1,f6513b25,1863E4D44B5F,5,How do the people who select the electors? which brings up the possibility of the electors have a st...,How do the people who selelct the eletors? which brings up the possiblilty of the electors have a st...
1,231ac52f,F680F4460788,5,Ia's a big deal for people ao go oua and aake acaion.,It's a big deal for people to go out and take action.
1,f3fd1c22,D8C5F330F8B6,5,"According to the article "" a gallop poll in 2000, taken shortly after AI Gprethanks to the quirks of...","According to the article "" a Gallup poll in 2000, taken shortly after AI Gpre-thanks to the quirks o..."
0,f236e103,3F0AD038A0D5,5,"As stated in the article carFree cities Source 1: Heidrum Walter, a media trainer and mother two quo...","As stated in the article 'Car-Free Cities' Source 1: Heidrum Walter, a media trainer and mother two ..."
0,f01dd0a6,2C633C845066,5,"multiple European and South American countries began instituting beneficial ""carfree"" municipal poli...","Mulitple European and South American countries began instituting beneficial ""car-free"" municipal pol..."
1,382908e0,067D8CBDF7E8,5,The article the Indefensible Electoral college: Why even the best laid defenses of the system are wr...,The article 'The Indefensible Electoral Collge: Why even the best laid defenses of the system are wr...
0,1c090353,3086486EEDFB,5,The use of cars is threating the environment. Cars realse Co2 or carbondioxy into the environment ca...,The use of cars is threating the enviorment. Cars realse Co2 or carbondioxy into the enviorment caus...
1,ee6fb060,A840FEE66543,5,"florida has 29 people representing it. Places such as California and Texas have 55, and 38, But if y...","Flordia has 29 people representing it. Places such as California and Texas have 55, and 38, But if y..."
1,1ded8f5b,DE2E4AFB2721,5,Becauie there are iome ierioui thingi wrong with it.,Because there are some serious things wrong with it.
0,ec6a9f5e,25C1119EC528,5,"""not having cars for one day is brilliant idea because is an improvement to the city of Bogota.",having cars for one day is brilliant idea because is an improvement to the city of Bogota.
0,ec6a9f5e,25C1119EC528,5,"Source three paragraph twenty one "" the goal is to promote alternative transportation and reduce smo...","Source three paragraph twenty one "" the goal is to promote alternative transportation and reduce smo..."
1,1ded8f5b,DE2E4AFB2721,5,"The electoral college ii iomething that hai been loved, hated, and debated on for iome yeari now.","The electoral college is something that has been loved, hated, and debated on for some years now."
1,eb393a7d,F095852ED985,5,I am young and most people would probably judge the fact that I am so young to be stating things as ...,I am young and most people would probably judge the fact that I am so young to be stating things as ...
0,1c6745d2,122624B918CD,5,"Source one: In German Suburb, Life goes on Without Cars paragraph three.","""( Source one: In German Suburb, Life goes on Without Cars; paragraph three.)"
1,ecddd8fc,9B968665218F,5,"Dear Florida Senator, I am here to tell you about thee electoral collage, and not why we should keep...","Dear Florida Senator, I am here to tell you about the electoral collage, and not why we should keep ..."
1,f8f33a50,B5FA0FCB2286,5,Voters in tossup states are more likely to pay close attention to thee campaign knowing theat theey'...,Voters in toss-up states are more likely to pay close attention to the campaign knowing that they're...
1,f4e2f1f1,451D81265E8E,5,This is beneficial to the outcome of the election because it makes the ability for a candidate to ge...,This is beneficicial to the outcome of the election becuase it makes the ability for a candiate to g...
1,d6ec0481,9C2E6F09CC73,5,"They decided on a nice in beiween ihey boih choose, well sori of.","They decided on a nice in between; they both choose, well sort of."
0,f92a4a6e,9D6B48D224A6,5,"like it says in source 1""car ownership is aloud but there are only two places to parklarge garages a...","like it says in source 1""car ownership is alwoud but there are only two places to park-large garages..."
1,2a48dfbb,917F5CAE3BB5,5,"Conoidering it hao already happened once when John F. Kennedy ran for preoidency, how can we not aoo...","Considering it has already happened once when John F. Kennedy ran for presidency, how can we not ass..."
0,de9eb4c2,1232E9091138,5,"In recent years, however, there is a growing trend of limited car usage around the world as countrie...","In recent years, however, there is a growing trend of limited car usage around the world as countrie..."
0,d6164eb0,1D0E0C228813,5,"""As a result, 70 percent of vaughn's families do not own cars, and 57 percent sold a car to move her...","""As a result, 70 percent of Vauban's families do not own cars, and 57 percent sold a car to move her..."
0,08157ec0,89A2F3489EC7,5,On Monday motorists with evennumbered license plates were ordered to leave their cars at home or suf...,On Monday motorists with even-numbered license plates were ordered to leave their cars at home or su...
1,fc157f72,B2C4FA163339,5,"""the indefensible Electoral College: Why even the bestlaid defenses are wrong"" from Mother Jones by ...","- ""the Indefensable Electoral College: Why even the best-laid defenses are wrong"" from Mother Jones ..."
1,2e246d83,D0814A29CADE,5,During this time the the states representatives will be casting their votes on behalf of their state...,During this time the the states representatives will be cating thier votes on behalf of thier state.
0,d5d24a91,F2005C8BE57C,5,Passenger cars are responsible for 12 percent of greenhouse gas emissions in Europe...and up to 50 p...,Passenger cars are responsible for 12 percent of greenhouse gas emissions in Europe...and up to 50 p...
1,04effeb0,2976B22ED93F,5,"Dear Senator, Many people might agree theat we shouldn't have an Electoral College at all, since mos...","Dear Senator, Many people might agree that we shouldn't have an Electoral College at all, since most..."
0,2f1a72f0,9371586F4E86,5,"Also, many people say that using alternate modes of transportation cut down on the stress they exper...","Also, many people say that using alternant modes of transportation cut down on the stress they expir..."
1,d6a0c52d,B29198FD0748,5,"In a plethora amount of documents from the United States, and our constitution it states all men are...","In a plethora amount of documents from the United States, and our Consitution it states all men are ..."
1,0b10ee59,51FC77F6D507,5,A aoaular vote also has some benefits. In Richard A. aoster's aassage In Defence of the Electoral Co...,A popular vote also has some benefits. In Richard A. Posner's passage In Defence of the Electoral Co...
0,daf3cd80,61EB1DB8E63A,5,"""rushhour restrictions have drastically cut traffic""source 3.","""rush-hour restrictions have dramtically cut traffic;""(source 3)."
1,2a48dfbb,917F5CAE3BB5,5,"Theoe are the citizeno that run thio country, the oneo who know the real problemo going on.","These are the citizens that run this country, the ones who know the real problems going on."
1,d90606d4,E2352C94F999,5,With having a more precise and organized plan of voting it guarantees a more certain outcome and wil...,With having a more percise and oranized plan of voting it garintees a more certain outcome and will ...
1,d6ec0481,9C2E6F09CC73,5,I myself feel ihis meihod is greai. Ii leaves room for very few misiakes.,I myself feel this method is great. It leaves room for very few mistakes.
0,d7ea0f02,F96A3EF91F47,5,"70% of vaughn's families do not own cars Rosenthal, 3.","70% of Vauban's families do not own cars (Rosenthal, 3)."
0,32d18e99,4E8462940045,5,"The ban was partial as in the article it says "" on Monday motorists with evennumbered license plates...","The ban was partial as in the article it says "" on Monday motorists with even-numbered license plate..."
0,9dbd5eae,814488D5C66D,6,It wila help with air polaution. It wila help with finacial problemi by not having to worry about ca...,It will help with air pollution. It will help with finacial problems by not having to worry about ca...
1,7b726748,6B03EA1188DE,6,The presidenttal candidatee has to have transregional appeal because a candidatee with regional appe...,The presidental candidate has to have trans-reginal appeal because a candidate with reginal appeal i...
1,1ded8f5b,DE2E4AFB2721,6,"The group of electori for your itate are ielected by the candidate""i political party.","The group of electors for your state are selected by the cnadidate""s political party."
0,a130e934,3EFE95094B2C,6,"In source 2, Pari has a situation of smog too. They decided to created a ""partial driving ban"" which...","In soruce 2, Pari has a situation of smog too. They decided to created a ""partial driving ban"" which..."
1,228a014b,7748D6B51DD8,6,"Stated in source 2, "" gallop poll in 2000, taken shortly after Al Gorethanks the quirks of the elect...","Stated in source 2, "" Gallup poll in 2000, taken shortly after Al Gore-thanksto the quirks of the el..."
1,f8c16bbe,E06960D4A6C1,6,"As stated in an article by Bradford Plumer, ""... Al Gore thanks to the quirks of the electoral colle...","As stated in an article by Bradford Plumer, ""... Al Gore ---thanks to the quirks of the electoral co..."
0,7a5920b0,07A627DF99A4,6,"If they did not leave their cars at home they would have to pay a fine, 22euro 31.","If they did not leave thier cars at home they would have to pay a fine, 22-euro ($31)."
1,1ded8f5b,DE2E4AFB2721,6,"""perhapi moit worrying ii the proipect of a tie in the electoral vote"" Source 2, Paragraph 4.","""perhaps most worrying is the prospect of a tie in the electoral vote"" (Source 2, Paragraph 4)."
1,1ded8f5b,DE2E4AFB2721,6,Perhapi becauie iometimei the electori get to thinking in another midiet and vote for the wrong cand...,Perhaps because sometimes the electors get to thinking in another midset and vote for the wrong cand...
1,6fc1858d,8617AE67ED39,6,"The Electoral College has help us pick a great President and VicePresident multiple times, it might ...","The Electoral College has help us pick a great President and Vice-President muiltiple times, it migh..."
0,a12db4d7,F5F3B7E60CA7,6,"The benefits of limiting our usage of cars is, it will help improve the environment, there are healt...","The benifits of limiting our usage of cars is, it will help improve the enviornment, there are healt..."
0,203c0fad,AF08E64C79CE,6,"driving isn't the only way to get around. In Vauban, Germany some in the community have taken the pl...","Drivning isn't the only way to get around. In Vauban, Germany- some in the communtity have taken the..."
0,a12db4d7,F5F3B7E60CA7,6,"In another article ""The End of Car Culture"" by Elisabeth Rosenthal it talks about the decrease usage...","In another Artical ""The End of Car Culture"" by Elisabeth Rosenthal it talks about the decrease usage..."
0,7b03bdee,B0734086A30E,6,"these benefits are a lowered carbon footprint, not having to spend as much on upkeep and lowered pub...","these benifets are a lowared carbon footprint, not having to spend as much on upkeep and lowared pub..."
1,0b10ee59,51FC77F6D507,6,"he states,""The electoral college is not a democratic method it is the electors who elect the areside...","he states,""The electoral college is not a democratic method it is the electors who elect the preside..."
0,9dbd5eae,814488D5C66D,6,On Monday motoriit with even numbered licenie platei were orded to leave thier cari at home or iuffe...,On Monday motorist with even numbered license plates were orded to leave thier cars at home or suffe...
0,9dbd5eae,814488D5C66D,6,Unleii you havea real emergency to uie your car the day you are not iuppoie to then don't uie it.,Unless you havea real emergency to use your car the day you are not suppose to then don't use it.
0,97bbf1ce,41AFCC3154D7,6,"The text also says ""If the pattern persists and many sociologist believe it will it will have benefi...","The text also says ""If the pattern persists - and many sociologist believe it will - it will have be..."
1,9b24ed72,0DC356971CE2,6,Another example would be in the case of a tie the election would be given to the house of representa...,Another example would be in the case of a tie the election would be given to the house of representi...
0,0a62093d,CA2129BF0A69,6,While Paris officials wanted to completely eradicate driving completely so that the smog would disap...,While Paris officials wanted to completley eradicate driving completley so that the smog would disap...
1,f6410879,41753A31F964,6,"""Most states have a winnertakeall' system that awards all electors to the winning presidential candi...","""Most states have a 'winner-take-all' system that awards all electors to the winning presidential ca..."
0,922a1650,852CDF33987C,6,"""It's a good opportunity to take away stress and lower air pollution"" sais a business man participat...","""It's a good oportunity to take away stress and lower air polution"" sais a business man participatin..."
0,a9453137,2B688160509C,6,"Also, one article stated that, Parks and sports centers also have bloomed throughout the city uneven...","Also, one articel stated that, Parks and sports centers also have bloomed throughout the city; uneve..."
0,90c0a8df,FF71B53EC31F,6,"34. Just like in Paris, the fewer people driving, the better our environment gets as the years go on...","Just like in Paris, the fewer people driving, the better our enviornment gets as the years go on."
0,1669258f,94E6FBA3C71C,6,"Doing so will help the environment by limiting greenhouse incisions, and not having a car all togeth...","Doing so will help the enviornment by limiting greenshouse immisions, and not having a car all toget..."
0,17340273,B3CA3C4C998E,6,"In the article ""In German Suburb, Life Goes On Without Cars"", there is a study revealing that passen...","In the article ""In German Suburb, Life Goes On Without Cars"", there is a study ervealing that passen..."
1,f8f33a50,B5FA0FCB2286,6,"So a regional favorite, such as Mitt rodney was in thee southe, has no incentive to campaign heavily...","So a regional favorite, such as Mitt Romney was in the south, has no incentive to campaign heavily i..."
0,8a9126df,1DF732ED4D1A,6,Living in the twentieth centuiy almost inevitably means ielying on cais foi tianspoitation.,Living in the twentieth century almost inevitably means relying on cars for transportation.
0,9ca473ca,49D4BB623BE8,6,"In the article, carFree cities it talks a lot about the advantages of not driving a car.","In the article, 'Car-Free Cities' it talks a lot about the advantanges of not driving a car."
0,9dbd5eae,814488D5C66D,6,"Uiing cari today ii polauting the air we breath in everyday, worie and wroie.","Using cars today is polluting the air we breath in everyday, worse and wrose."
0,a884176f,693C3112ED21,6,"ultimately, as people begin the shift from automobile transport certain economic, environmental, and...","Ultimatly, as people begin the shift from autombile transport; certain economic, enviromental, and s..."
0,88a15627,B67172DEB053,6,"In Elisabeth Rosenthal's passage it says that ""Passenger cars are responsible for 12%percent of gree...","In Elisabeth Rosenthal's passage it says that ""Passenger cars are responisble for 12%(percent) of gr..."
0,a7697a67,A6F6CE8D8725,6,"Our environment has been infected with toxic greenhouse gasses, and carbon emissions which comes fro...","Our enviornment has been infected with toxic greenhouse gasses, and carbon emmisions which comes fro..."
0,9dbd5eae,814488D5C66D,6,"""Ala of our development iince World war la hai been centered on the car, and that wila have to chang...","""All of our development since World war ll has been centered on the car, and that will have to chang..."
0,9dbd5eae,814488D5C66D,6,"Goldberg ii right. We put moit of our attention and development into cari, and focui more on them th...","Goldberg is right. We put most of our attention and development into cars, and focus more on them th..."
0,9dbd5eae,814488D5C66D,6,"after dayi of nearrecord polaution, Parii enforced a partial driving ban to clear the air of the glo...","Aftrer days of near-record pollution, Paris enforced a partial driving ban to clear the air of the g..."
1,f8f33a50,B5FA0FCB2286,6,"Dear state senator, I theink thee Electoral College should stay because like most well educated Amer...","Dear state senator, I think the Electoral College should stay because like most well educated Americ..."
1,12c5160e,441A5D13BCF3,6,"The number of electors in the Electoral College consist of 538 electors in total, which makes a tie ...","The number of electors in the Electoral College consits of 538 electors in total, which makes a tie ..."
0,eff68a37,6C3788371B29,6,"In Robert buffer's article it explains which cars are banned, ""On Monday motorists with evennumbered...","In Robert Duffer's article it explains which cars are banned, ""On Monday motorists with even-numbere..."
0,3ee53216,EE34DF0C5C8B,6,"To begin, it would appear ai though that limited car uiage ii a environment iaving technique.","To begin, it would appear as though that limited car usage is a enviorment saving technique."
0,aed17226,313229323B6E,6,businesses are suffering due to the lack of transportation available to delivery their services as s...,Buisnesses are suffering due to the lack of transportaion avaliable to delivery their services as se...
1,ab659f57,E48B9182B257,6,"""According to a gallop poll in 2000, taken shortly after Al Gorethanks to the quirks of the electora...","""According to a Gallup poll in 2000, taken shortly after Al Gore--thanks to the quirks of the electo..."
0,3ee53216,EE34DF0C5C8B,6,"Thii all began becauie, ""...after fivedayi of inteniifying imog...","This all began because, ""...after five-days of intensifying smog..."
1,231ac52f,F680F4460788,6,"Eiaher way, ahere are ahose aypes of people who jusa cannoa decide.","Either way, there are those types of people who just cannot decide."
1,b45bb9d6,644F08941EDD,6,"Although, it is possible to have a dispute over the outcome of an electoral college, for instance in...","Although, it is possible to have a dispoute over the outcome of an electoral colege, for instance in..."
0,aa3115a0,03904638A08A,6,"In Bogota, Colombia, a program where it is ""a car free day"", millions of colombians hike, bike, skat...","In Bogota, Colombia, a program where it is ""a car free day"", millions of Colombian's hike, bike, ska..."
1,231ac52f,F680F4460788,6,There is no poina. Bua ahaa's whaa we're doing when we voae.,There is no point. But that's what we're doing when we vote.
0,e86094fd,7380E424BD2D,6,"sidewalks are being remade in order to accommodate walking pedestrians Selsky, 2002.","Sidwalks are being remade in order to accomidate walking pedestrians (Selsky, 2002)."
1,2a48dfbb,917F5CAE3BB5,6,"And oince, we have upheld every right and every propooition with the upmoot reopect and worohipped i...","And since, we have upheld every right and every propesition with the upmost respect and worshipped i..."
1,aa17891a,ECBACB8EABB8,6,"Third of all, leti juit go back to memory lane and reviiit the Diiaiter Factor.","Third of all, lets just go back to memory lane and revisit the Disaster Factor ."
1,43d45f34,D34054ADD2FB,6,"For instance, according to Bradford plumber's article, ""Back in 1960, segregationists in the louisia...","For instance, according to Bradford Plumer's article, ""Back in 1960, segregationists in the Lousiana..."
0,e96c53a6,58BEC4705B87,6,"All this pollution and emission not only effects the environment but also leads to ""intensifying smo...","All this polution and emission not only effects the enviroment but also leads to ""intensifying smog""..."
0,469b495e,D698ED5E6B70,6,source 4. This explanation certainly lies in the rescession because many Americans nowadays can not ...,(source 4). This explanation certainly lies in the rescession becasue many Americans now-a-days can ...
1,e1f70522,65E9951C2D75,6,When you are the one that elects the President you feel more confident and good.,you are the one that elects the President you feel more confident and good
1,b1cb903e,8A2EC5DE84D4,6,There is a lot of potential pressure for a runoff election when no candidate wins a majority of the ...,There is a lot of potential pressure for a run-off election when no candidate wins a majority of the...
1,3f870a8d,23F6EB35E138,6,Some people would argue that the Electoral college should be kept because it ensures the certainty o...,Some people would argue that the Electoral college should be kept because it ensures the certaintity...
0,5a6c9d91,C66E655CF34A,6,You just ran into a car trying to park the long bed V8 44 Nissian Titan at gatorbait in Melrose FL.,Pow! You just ran into a car trying to park the long bed V8 4*4 Nissian Titan at gatorbait in Melros...
1,5e2ea0b8,18658BB1E5FF,6,"and it states, ""The electoral College restores some of the weight in the political balance that larg...","and it states, ""The Electotoral College restores some of the weight in the political balance that la..."
0,5ed12378,58CE19BB61F9,6,In vaughn's streets they influenced people to not drive their cars or own a car so they would not pa...,In Vauban's streets they infulenced people to not drive their cars or own a car so they would not pa...
0,5ed12378,58CE19BB61F9,6,"Over all vaughn's streets are car free, 70 percent of vaughn's families do not own a car and 50 perc...","Over all Vauban's streets are car free, 70 percent of Vauban's families do not own a car and 50 perc..."
0,5ed12378,58CE19BB61F9,6,"colombians did a variety or activities as a use of transportation hiking, biking, skating, taking bu...","Colomians did a varitey or activities as a use of transportation; hiking, biking, skating, taking bu..."
0,d6b239a0,F68DF55605DC,6,"fortunately for Paris, a week of partial driving bans helped clear the five days of nearrecord pollu...","Fortunetly for Paris, a week of partial driving bans helped clear the five days of near-record pollu..."
1,6400a32c,D97A2C636D38,6,"The Electoral Collage is made up of 538 electors, you have one elector for every member of the Congr...","The Electoral Collage is made up of 538 electors, you have one elector for every member of the Congr..."
1,e1f70522,65E9951C2D75,6,"You never what could happen ,it is like taking a very riskfull risk and every votes matter.Just one ...","You never what could happen ,it is like taking a very riskfull risk and every votes matter .Just one..."
1,e10c11f8,D7EC12F667F2,6,The Elector College ishould be aboliished becauise of it'is many flawis that it hais.,The Elector College should be abolished because of it's many flaws that it has.
0,d33eca96,B0A5401CA9FA,6,"70% of vaughn's families do not own cars, 57% sold their cars just to move to Vauban, ""When I had a ...","70% of Vauban's families do not own cars, 57% sold their cars just to move to Vauban, ""When I had a ..."
0,247d63a2,4849ADCE26D8,6,"Many advantages came with limiting driving in these cities such as, less air pollution from tailpipe...","Many advantages came with limiting driving in these cities such as, less air poplution from tailpipe..."
1,fcd93e2d,CF5D5E42B72E,6,They are wrong because they take the majority vote from the state's population and turn it into elec...,They are wrong because they take the majority vote from the state's population and turn it into elec...
0,d3e4cb70,E8FB6048C723,6,"Well, that's a true fact, facing the reality that over the past few years we've had times and times ...","Well, that's a true fact, facing the reality that over the past few years we've had times and times ..."
1,55ef0196,F25A34210445,6,"Presidenas are elecaed using awo processes, ahose processes are popular voae and Elecaoral College.","Presidents are elected using two processes, those processes are popular vote and Electoral College."
1,d0760e0d,649B2A197C4A,6,"In Selection Three, it is said that the swing states or larger ones ""... are likely to be the most t...","In Selection Three, it is said that the swing states (or larger ones) ""... are likely to be the most..."
1,6b2e1c08,21C30597D17F,7,"The electors we do vote for by choosing the candidate by popular vote,sometimes dont vote for their ...","The electors we do vote for by chossing the canidate by popualor vote,sometimes dont vote for their ..."
1,c7cee2f0,4006B9AAD071,7,"That feeling of equality and ""my opinion matters"" is exactly what America is about and this aspect o...","""(19). That feeling of equality and ""my opinion matters"" is exactly what America is about and this a..."
0,0a4a6c5b,A0CFE2863BDF,7,70% of vaughn's families do not own car and are much happier to not have the everyday anxiety of dri...,70% of Vauban's famlies do not own car and are much happier to not have the everyday anxiteys of dri...
1,2a48dfbb,917F5CAE3BB5,7,There io one turn that can happen at any given election and io mootlikely our biggeot worry becauoe ...,There is one turn that can happen at any given election and is most-likely our biggest worry because...
0,3ee53216,EE34DF0C5C8B,7,Thii bit of information informi thoie that drive of the harmful effecti that our cari are creating u...,This bit of information informs those that drive of the harmful effects that our cars are creating u...
1,d6ec0481,9C2E6F09CC73,7,"Alihough, afier reading ihis, my view on ihe maiier as changed dramaiically.","Although, after reading this, my view on the matter as changed dramatically."
1,cf586efc,126039773F9A,7,"according to plumber's article, the Indefensible Electoral College:' he states, "" In the same vein, ...","Acorrding to Plumer's article, 'The Indefensible Electoral College:' he states, "" In the same vein, ..."
0,d6164eb0,1D0E0C228813,7,"""passenger cars are responsible for 12 percent of greenhouse gas emissions in Europe... and up to 50...","""Passanger cars are responsible for 12 percent of greenhouse gas emissions in Europe... and up to 50..."
0,9dbd5eae,814488D5C66D,7,Laitly it wila help wiith the itreii in people'i livei and lower it.,Lastly it will help wiith the stress in people's lives and lower it.
1,3ae35542,ED432FE2DAAF,7,"Dear State Seiator, Im just a regular voter arguiig withe you theat I doit agree withe thee electora...","Dear State Senator, Im just a regular voter arguing with you that I dont agree with the electoral co..."
0,3897446e,7BFB52239293,7,"source 1 paragraph 3 The ""carfree"" world of not having to worry about car payemrnt, insurance, and g...","(sorce 1 paragrah 3) The ""car-free"" world of not having to worry about car payemrnt, incerance, and ..."
0,3ee53216,EE34DF0C5C8B,7,"The imog rivaled Beijing, China, which ii known ai one of the moit polluted citiei in the world.","[The smog] rivaled Beijing, China, which is known as one of the most polluted cities in the world."
1,2a48dfbb,917F5CAE3BB5,7,"Now, what about the bigger otateo verouo the omaller otateo?","Now, what about the bigger states versus the smaller states?"
1,a5c3c7a1,1F20005BEBB6,7,"Dear State Senator, In this essay I will be explaining why the Electoral College shouldn't be kept,a...","Dear State Senator, [MASK] In this essay I will be explaining why the Electoral College shouldn't be..."
1,2a48dfbb,917F5CAE3BB5,7,Or have we? Though The United Stateo of America hao proclaimed many good ideao and beingo in our pao...,Or have we? Though The United States of America has proclaimed many good ideas and beings in our pas...
1,231ac52f,F680F4460788,7,"They may be lefa undecided, and have changed aheir minds by ahe aime ia's ready ao voae.","They may be left undecided, and have changed their minds by the time it's ready to vote."
0,694a48f5,2D73663127C2,7,"Motheri, fatheri, aunti, unclei, neighbori, and grandparenti depend on their cari daily.","Mothers, fathers, aunts, uncles, neighbors, and grandparents depend on their cars daily."
0,1f9b2465,C3583FE28FF0,7,"According to the article, the number of people driving tend to decrease every yearSource 4 S4 paragr...","According to the article, the number of people driving tend to decrease every year(Source 4 (S4) par..."
1,f8d5548a,B49ED6AC9AF3,7,Citizens vote for the electors candidate and the electors take the majority of the votes whether it ...,Citizens vote for the electors canidate and the elecotrs take the majorety of the votes wheither it ...
0,650843b9,DA2A50E507A9,7,"""passengers cars are responsible for 12 percent of green house gases emissions in Europe... and up t...","""Passangers cars are responsible for 12 percent of green house gass emmissions in Europe... and up t..."
1,231ac52f,F680F4460788,7,"Democraa, or Republican. Say one wanaed ahe one candidaae running for presidena ao win, and heshe we...","Democrat, or Republican. Say one wanted the one candidate running for president to win, and he/she w..."
1,1ded8f5b,DE2E4AFB2721,7,We could aboliih it or keep it the way it ii. Some iay the electoral college ii undemocratic and unf...,We couold abolish it or keep it the way it is. Some say the electoral college is undemocratic and un...
1,aa17891a,ECBACB8EABB8,7,"Alio, including Rhode Iiland and South Carolina. What about the fact that, ""Voteri in 25 of the larg...","Also, including Rhode Island and South Carolina. What about the fact that, ""Voters in 25 of the larg..."
1,eb04c94b,E046108929C0,7,Although the system could have worked like a breeze when first originated a point to be reckoned wit...,Although the system could have worked like a breeze when first originated-- a point to be reckoned w...
1,47d62873,76B73C5144A9,7,Upon seeing the results with the popular vote cast aside by the electors and voting something else e...,"""(10) Upon seeing the results with the popular vote cast aside by the elector and voting something e..."
1,231ac52f,F680F4460788,7,"If ahis problem happenes for several oaher saaaes, ahen ahe chances double, even ariple.","If this problem happenes for several other states, then the chances double, even triple."
1,231ac52f,F680F4460788,7,Which was ao help seleca ahe presidena ahe voaer wanaed.,Which was to help select the president the voter wanted.
0,8a9126df,1DF732ED4D1A,7,We cuiiently live in a woild dependent on machines becoming moie and moie enveloped in this idea of ...,We currently live in a world dependent on machines; becoming more and more enveloped in this idea of...
0,8a9126df,1DF732ED4D1A,7,"Howevei, now we have ieached a point wheie that ieliance is haiming us and oui planet, and it will c...","However, now we have reached a point where that reliance is harming us and our planet, and it will c..."
1,175003c6,7BA04B28AD39,7,"""Does The Electoral. Voters can't control who their electors vote for president.",The Electoral). Voters can't control who their electors vote for president.
0,8a9126df,1DF732ED4D1A,7,"A few of the many advantages include, the conseivation of oui valuable space, impioving the quality ...","A few of the many advantages include, the conservation of our valuable space, improving the quality ..."
1,55ef0196,F25A34210445,7,Some people say ahe Elecaoral College process is jusa fine because ahis process avoids run off eleca...,Some people say the Electoral College process is just fine because this process aviods run off elect...
0,b48ad4cc,2FC2AD6AF52E,7,"Theie ideai that Parii, France and Bogota, Colombia created to have a carfree dayi are brilliant and...","These ideas that Paris, France and Bogota, Colombia created to have a car-free day(s) are brilliant ..."
0,b51f84de,59966F9BAC0B,7,If you are found driving you will fined as well. Carlos Arturo Plaza claims that it is a good opport...,If you are found driving you will fined as well. Carlos Arturo Plaza claims that 'it is a good oppor...
1,aa17891a,ECBACB8EABB8,7,"Well then, the election would be paiied to the Houie Of Repreientativei, itate delegation vote on th...","Well then, the election would be passed to the House Of Representatives, state delegation vote on th..."
1,d6ec0481,9C2E6F09CC73,8,They also feli if ciiizens chose ihe seai by ihemselves ihere wouod be chaos.,They also felt if citizens chose the seat by themsleves there wouod be chaos.
1,f477cd3e,69FFE53A2E5E,8,"However, according to In Defense of the Electoral College: Five reasons to keep our despised method ...","However, according to In Defense of the Electoral College: Five reasons to keep our despised method ..."
1,f8f33a50,B5FA0FCB2286,8,3. Swing States The winnertakeall metheod of awarding electoral votes induces thee candidates to foc...,3. Swing States The winner-take-all method of awarding electoral votes induces the canidates to focu...
0,03cabe10,4A4C81F5F77A,8,"In places like Paris motorist with even numbered license plates receive a twentytwo euro fine 31, an...",In places like Paris motorist with even numbered liscense plates recieve a twenty-two euro fine ($31...
1,1ded8f5b,DE2E4AFB2721,8,But iome iay it ii the beit way to vote. I'ti ieen both wayi but ii there anything we can do about i...,But some say it is the best way to vote. I'ts seen both ways but is there anything we can do about i...
1,55ef0196,F25A34210445,8,These are jusa awo reasons why ahe Elecaoral College process should be aossed oua of ahe elecaion de...,These are just two reasons why the Electoral College process should be tossed out of the election de...
1,231ac52f,F680F4460788,8,"We should be lucky ahaa back in '00, ahaa was ahe biggesa elecaion crisis and ia COULD'VE been worse...","We should be lucky that back in '00, that was the biggest election crisis and it COULD'VE been worse..."
1,231ac52f,F680F4460788,8,We are making ia an opaion for ahaa ao happen. So why noa voae by popular voae?,We are making it an option for that to happen. So why not vote by popular vote?
0,2e2966e3,B17A58769FF3,8,"referring to the source ""Carfree Day is spinning into a big hit in bogota,Columbia"" Mayor Of Bogota ...","Refering to the source ""Car-free Day is spinning into a big hit in Bogata,Columbia"" Mayor Of Bogota ..."
0,3ee53216,EE34DF0C5C8B,8,"However, it would appear that limiting car uie hai far more advantagei than thought of before: it ca...","However, it would appear that limiting car use has far more advantages than thought of before: it ca..."
1,343db895,3C11CE4316CA,8,"In other words in 2012 Obama received 61.7 percent of the votes while rodney received only 51.3, and...","In other words in 2012 Obama recieved 61.7 percent of the votes while Romney recieved only 51.3, and..."
1,231ac52f,F680F4460788,8,"We are voaing for our elecaors of ahe saaae, ao voae for our presidena.","We are voting for our electors of the state, to vote for our president."
1,231ac52f,F680F4460788,8,Ias ahe faca ahaa we aren'a really voaing for our presidena.,Its the fact that we aren't really voting for our president.
0,3baf4091,A0A1B3E16EE5,8,"For example, Elisabeth Rosenthal author of "" The End of Car Culture"" wrote ""If the pattern persists ...","For example, Elisabeth Rosenthal author of "" The End of Car Culture"" wrote ""If the pattern persists ..."
1,2a48dfbb,917F5CAE3BB5,8,"When a tie occuro among the vote of electoro, it io the Houoe of Repreoentativeo' job to fix that an...","When a tie occurs among the vote of electors, it is the House of Representatives' job to fix that an..."
1,55ef0196,F25A34210445,8,We don'a wana him ao change his mind aboua doing ahis imporaana job for us as a counary.,We don't want him to change his mind about doing this important job for us as a country.
1,2a48dfbb,917F5CAE3BB5,8,Politico io only fortune to politicioto Politico io an opportunity for change to Uo.,Politics is only fortune to politicists; Politics is an opportunity for change to Us.
1,55ef0196,F25A34210445,8,"Presidenas, ahey are ahe mosa powerful people in ahe Uniaed Saaaes of America.","Presidents, they are the most powerful people in the United States of America."
1,12c5160e,441A5D13BCF3,8,"According to source 3, paragraph 16, Posner addresses, ""..each party selects a slate of electors tru...","According to source #3, paragraph 16, Posner addresses, ""..each party selects a slate of electors tr..."
0,6c809c78,ACB68B8B0079,8,"Because cars use a nonreusable gas, Gasoline and diesel they must be burned in order for the cars en...","Because cars use a non-resuable gas, (Gasoline and Desiel) they must be burned in order for the cars..."
1,89b19618,86B3DB69F45F,8,"The electoral college does not work. ""The Indefensible Electoral college: Why even the bestlaid defe...","The ellectoral college does not work. ""The Indefensible Electoral Collge: Why even the best-laid def..."
0,4d2bb193,3E8D32D0B569,8,"In source 3 paragraph 28 the author explains an example of a benefit of limited car usage stating ""u...","In source 3 pargraph 28 the author explains an example of a benifit of limited car usage stating ""un..."
0,8a9126df,1DF732ED4D1A,8,Although it may seem impossible to convince so many to puisue this act of limiting the usage of cais...,Although it may seem impossible to convince so many to pursue this act of limiting the usage of cars...
1,0b10ee59,51FC77F6D507,8,"In the aassage The Indefensible Electoral College author Bradford Plumer states,""The state aicks the...","In the passage The Indefensible Electoral College author Bradford Plumer states,""The state picks the..."
1,921654a9,7911895A6E9C,8,"because no region of voters can decide the election, and there is even a deciding factor of thoughtf...","Becuase no region of voters can decide the election, and there is even a deciding factor of thoughfu..."
0,971a3815,E45CEA133E14,8,"Elisabeth Rosenthal states, ""Passenger cars are responsible for 12 percent of greenhouse gas emissio...","Elisabeth Rosenthal states, ""Passenger cars are responible for 12 percent of greenhouse gas emission..."
0,9dbd5eae,814488D5C66D,8,"Having a world free of cari would not only help with air polaution, but with everyone'i iafety ai we...","Having a world free of cars would not only help with air pollution, but with everyone's saftey as we..."
1,03f7c6e9,9FCF605CC740,8,You make your conclution based on this Mr.,You make your conclution based on this Mr. senator
0,5a6c9d91,C66E655CF34A,8,"Diesels make up 67 percent of vehicle in France, compared to 53.3 percent average of diesel engines ...","Diesels make up 67 percent of vehicle in France, compared to 53.3 percent average of idesel engines ..."
1,393cf7f9,850401568E9C,9,"""They're not alone Richard Nixon, Jimmy Carter... according to a gallop poll in 2000, taken shortly ...","""They're not alone [Richard Nixon, Jimmy Carter...]; according to a Gallup poll in 2000, taken short..."
1,a41f347b,A7A467BDEE14,9,"land of the free, the brave, and millions of proud citizens who live in a country that prides itself...","America: land of the free, the brave, and millions of proud citizens who live in a country that prid..."
1,d6ec0481,9C2E6F09CC73,9,The founding faihers feli ii would given congress ioo much power if ii elecied ihe Presideni all by ...,The founding fathers felt it would given congress too much power if it elected the President all by ...
1,2a48dfbb,917F5CAE3BB5,9,"And even if ouch happeningo may take decadeo to occur again, what of the electoro that did not owear...","And even if such happenings may take decades to occur again, what of the electors that did not swear..."
1,231ac52f,F680F4460788,9,"If ahis doesn'a make you ahink ahaa ahe elecaoral college should go, ahen ahink again.","If this doesn't make you think that the electoral college should go, then think again."
1,2a48dfbb,917F5CAE3BB5,9,"Though thio proceoo doeo not run againot the citizeno, it doeo take away a direct vote to whom you d...","Though this process does not run against the citizens, it does take away a direct vote to whom you d..."
1,2a48dfbb,917F5CAE3BB5,9,"If uneducated, the regular unqualified citizen may not know that with our election oyotem, we ouroel...","If uneducated, the regular unqualified citizen may not know that with our election system, we oursel..."
1,231ac52f,F680F4460788,9,"In conclusion, we ahe people, should have ahe opporauniay ao voae and acaually have our voae counaed...","In conclusion, we the people, should have the opportunity to vote and actually have our vote counted..."
1,aa17891a,ECBACB8EABB8,9,"""In the iame vein, ""faithleii"" electori have occaiionally refuied to vote for their party'i candidat...","""In the same vein, ""faithless"" electors have occasionally refused to vote for their party's candidat..."
0,ed6ef02f,6A0FF1299F6A,9,"Source 3 says, ""Parks and sports centers also have bloomed throughout the city uneven, pitted sidewa...","Source 3 says, ""Parks and sports cneters also have bloomed throughout the city; uneven, pitted sidew..."
1,231ac52f,F680F4460788,9,"I believe ahaa we, ahe people, should have ahe opporauniay ao choose whom we wish ao become Presiden...","I believe that we, the people, should have the opportunity to choose whom we wish to become Presiden..."
0,8a9126df,1DF732ED4D1A,9,"Seeing as that we've iecently ieached that point of iealization, we aie staiting to limit ouiselves ...","Seeing as that we've recently reached that point of realization, we are starting to limit ourselves ..."
0,3ee53216,EE34DF0C5C8B,9,Within the fifth paragraph of the article they talk of why it ii io neceiiary for thii to become a t...,Within the fifth paragraph of the article they talk of why it is so necessary for this to become a t...
1,d6ec0481,9C2E6F09CC73,10,"Wiih ihe majoriiy of ihe elecioral college applying ihe winner iake all approach, ii cuis ihose numb...","With the majority of the electoral college applying the winner take all approach, it cuts those numb..."
1,231ac52f,F680F4460788,10,"Any chance of unfaiahful elecaors, could happen. Ia could make one feel bearayed ahaa ahey voaed foe...","Any chance of unfaithful electors, could happen. It could make one feel betrayed that they voted foe..."
1,175003c6,7BA04B28AD39,10,"They're hand picked by their political party but sometimes,""state laws vary on how the electors are ...","They're hand picked by their politcal party but sometimes,""-state laws vary on how the electors are ..."
1,2a48dfbb,917F5CAE3BB5,10,"We all know that the larger the population in one otate, the more repreoentativeo they have, and the...","We all know that the larger the population in one state, the more representatives they have, and the..."
0,9dbd5eae,814488D5C66D,10,"They would iela thier cari, and live without a car, and live a leii itreiiful life.","They would sell thier car(s), and live without a car, and live a less stressful life."
1,55ef0196,F25A34210445,10,"Source 2 saaaes ""Candidaaes dona spend ahe aime in saaaes ahey know ahey have no chance of winning.""","Source 2 states ""Candidates dont spend the time in states they know they have no chance of winning."""
0,9dbd5eae,814488D5C66D,10,"In German iuburbi 70 percent of vaughn'i familiei do not own cari, and 57 percent iold a car to move...","In German Suburds 70 percent of Vauban's families do not own cars, and 57 percent sold a car to move..."
0,90c0a8df,FF71B53EC31F,10,"""If the pattern persists... it will have beneficial implications for carbon emissions and the enviro...","""If the pattern persists... it will have beneficial implications for carbon emmisions and the envior..."
0,694a48f5,2D73663127C2,10,"However, limiting car uiage reducei iociety'i carbon footprint, ilowly eliminating the encompaiiing ...","However, limiting car usage reduces society's carbon footprint, slowly eliminating the encompassing ..."
1,aa17891a,ECBACB8EABB8,10,"Sometimei they juit need to be heard. So leti juit iay that it i unfair to voteri, there could be a ...","Sometimes they just need to be heard. So lets just say that it s unfair to voters, there could be a ..."
1,55ef0196,F25A34210445,11,The disarabuaion of ahe voaes is a problem because some saaaes are humongous bua ahey dona have a la...,The distrabution of the votes is a problem because some states are humongus but they dont have a lar...
1,d6ec0481,9C2E6F09CC73,11,"If ihe voie were solely based on ciiizen voies, ihe siaiisiical ouicome of ihe eveni would be crazy.","If the vote were solely based on citizen votes, the statisitcal outcome of the event would be crazy."
1,2a48dfbb,917F5CAE3BB5,11,It hao nearly been two centurieo oince our country wao born from the aoheo of a war far too long to ...,It has nearly been two centuries since our country was born from the ashes of a war far too long to ...
1,231ac52f,F680F4460788,11,"We shouldna pua ourselves ahrough ahis, and aruah be aold, ahe elecaion is confusing as ia is.","We shouldn;t put ourselves through this, and truth be told, the election is confusing as it is."
0,3ee53216,EE34DF0C5C8B,11,"However, if we are to limit our uiei of cari, and like the reiidenti of Vauban, and find alternative...","However, if we are to limit our uses of cars, and like the residents of Vauban, and find alternative..."
1,231ac52f,F680F4460788,11,Whaas ahe poina in puaaing your arusa in someone who could jusa easily aurn around and NOT voae who ...,Whats the point in putting your trust in someone who could just easily turn around and NOT vote who ...
1,d6ec0481,9C2E6F09CC73,11,"The elecioral college was esiablished as a compromise beiween eleciion of ihe Presideni by congress,...","The electoral college was established as a compromise between election of the President by congress,..."
0,694a48f5,2D73663127C2,11,"Hot Wheelz, batterypowered Barbie SUVi, Heii Semitrucki, and other deviationi of playfriendly cari i...","Hot Wheelz, battery-powered Barbie SUVs, Hess Semi-trucks, and other deviations of play-friendly car..."
1,231ac52f,F680F4460788,11,Thaa person would go oua and casa a voae for a slaae of however many of republican elecaors ahere ar...,That person would go out and cast a vote for a slate of however many of republican electors there ar...
1,55ef0196,F25A34210445,11,Presidenas are like supersaars of ahe poliaical world bua ahey don'a spend any aime in ahe places ah...,Presidents are like superstars of the political world but they don't spend any time in the places th...
1,079e747c,A34F66AA1F99,11,"The people need to put faithe in theier electors, and even if thee Electoral College was changed to ...","The people need to put faith in thier electors, and even if the Electoral College was changed to pop..."
0,3ee53216,EE34DF0C5C8B,11,"Similarly, Parii hai taken up a iimilar idea. In Robert Dufferi article, ""Parii bani driving due to ...","Similarly, Paris has taken up a similar idea. In Robert Duffer`s article, ""Paris bans driving due to..."
1,231ac52f,F680F4460788,11,Say one saill wanaed ahe Republican candidaae ao win and ahey voaed in aheir residenaial saaae which...,Say one still wanted the Republican candidate to win and they voted in their residential state which...
0,d97e8ec5,3DABFB0A459C,12,"Times are changing, and changing fast. While the car may once have been the ideal accessory to a rap...","A New Era Times are changing, and changing fast. While the car may once have been the ideal accessor..."
1,eb3f60b7,F5AF925324E7,12,Even though this is a fact there is still the possibility or the potential to be nailed or betrayed ...,(source 3). Even though this is a fact there is still the possibility or the potential to be nailed ...
1,55ef0196,F25A34210445,12,Ia would eliminaae ahe aime spena in saaaes by making ahem go ao every single one or close ao ahaa.,It would eliminate the time spent in states by making them go to every single one or close to that.
1,231ac52f,F680F4460788,12,"The elecaoral college doesn'a only have a few minor sea backs, bua ia could aarnish oua dreams of wh...","The electoral college doesn't only have a few minor set backs, but it could tarnish out dreams of wh..."
1,1ded8f5b,DE2E4AFB2721,12,"""In 2000, taken ihortly after Al Gorethanki to the quirki of the electoral collegewon the popular vo...","""In 2000, taken shortly after Al Gore-thanks to the quirks of the electoral college-won the popular ..."
0,b48ad4cc,2FC2AD6AF52E,12,"Becauie of the fact that people are doing thii, the amout of imog in the air hai reduced, people are...","Because of the fact that people are doing this, the amout of smog in the air has reduced, people are..."
1,55ef0196,F25A34210445,12,Neiaher one of ahem goa ahe majoriay ahe boah goa 43 precena of ahe voaes casa.,Neither one of them got the majority the both got 43 precent of the votes cast.
1,d6ec0481,9C2E6F09CC73,12,Ii is alloi easier io confirm a winner oui of 538 voies ihen ii is io confirm one oui of hundreds of...,It is allot easier to confirm a winner out of 538 votes then it is to confirm one out of hundreds of...
0,3ee53216,EE34DF0C5C8B,12,Parii hai created a ban io that thoie who have a liicenie plate that begini with an even number cann...,Paris has created a ban so that those who have a liscense plate that begins with an even number cann...
1,55ef0196,F25A34210445,12,Some people ahink ahaa ahe way our presidenas are elecaed aoday are noa very pracaice meahods bua so...,Some people think that the way our presidents are elected today are not very practicle methods but s...
1,2a48dfbb,917F5CAE3BB5,12,"We are all human after all, ""profeooional"" politicioto or not, we make miotakeo and we are capable o...","We are all human after all, ""professional"" politicists or not, we make mistakes and we are capable o..."
1,2a48dfbb,917F5CAE3BB5,12,"And even compared to a larger otate, leoo than a hundred individualo all of which have done nothing ...","And even compared to a larger state, less than a hundred individuals (all of which have done nothing..."
1,231ac52f,F680F4460788,13,"Alahough ahe elecaoral college does help make ahe presidenaial elecaion less complicaaed, ia's ahe m...","Although the electoral college does help make the presidential election less complicated, it's the m..."
1,231ac52f,F680F4460788,13,"When ia comes ao voaing for elecaors, ias a difficula ahing when ia comes ao how many elecaors repre...","When it comes to voting for electors, its a difficult thing when it comes to how many electors repre..."
1,231ac52f,F680F4460788,13,The para ahaa geas a loa of people is ahaa ahere could be fewer Republican elecaors ahen ahere are D...,The part that gets a lot of people is that there could be fewer Republican electors then there are D...
1,2a48dfbb,917F5CAE3BB5,13,Though it io oaid that there io highly rare chance in which a day would come in the election that a ...,Though it is said that there is highly rare chance in which a day would come in the election that a ...
1,eb3f60b7,F5AF925324E7,13,"Posner also says "" and that trust is rarely betrayed"" source 3.","Posner also says "" ( and that trust is rarely betrayed)"""
1,231ac52f,F680F4460788,13,IF Nevada had 4 Republican elecaors ahen ahaa meana anyone who voaed for ahe Democraa elecaoral wasn...,IF Nevada had 4 Republican electors then that meant anyone who voted for the Democrat electoral wasn...
1,2a48dfbb,917F5CAE3BB5,13,"In turn, the The United Stateo of America hao done their very beot to make thio country the beot it ...","In turn, the The United States of America has done their very best to make this country the best it ..."
1,2a48dfbb,917F5CAE3BB5,13,Thio meano that the olim few repreoentativeo repreoenting thouoando of people could make a vote Alth...,This means that the slim few representatives representing thousands of people could make a vote; Alt...
1,55ef0196,F25A34210445,13,"Source 3 saaaes ""Elecaoral College avoids ahe problem of elecaions in which no candidaae receives ah...","Source 3 states ""Electoral College avoids the problem of elections in which no candidate recevies th..."
1,231ac52f,F680F4460788,13,Oaher ahen ahere being a aie in ahe naaionwide elecaoral voae because ahe voaes add up ao 538 an eve...,Other then there being a tie in the nationwide electoral vote because the votes add up tp 538; an ev...
1,55ef0196,F25A34210445,13,"Look aa how many Elecaoral College voaes California has, ahey have a aoaal of 55 voaes ahaas more ah...","Look at how many Electoral College votes California has, they have a total of 55 votes thats more th..."
1,1ded8f5b,DE2E4AFB2721,14,Yei that ii pooiible. When people vote for there candidate the electori are the onei being ielected ...,Yes that is poosible. When people vote for there candidate the electors are the ones being selected ...
1,2a48dfbb,917F5CAE3BB5,14,"We, the People, elect Our repreoentativeo to uphold Our decioiono in the party We choooe, but what i...","We, the People, elect Our representatives to uphold Our decisions in the party We choose, but what i..."
1,d6ec0481,9C2E6F09CC73,14,The problem wiih ciiizens voiing direcily for ihe presideni can be broken inio iwo caiegories: uncer...,The problem with citizens voting diectly for the president can be broken into two categories: uncert...
1,231ac52f,F680F4460788,14,"Because every saaae doesn'a have ahe sam amouna of people in each, ahe chances of ahere being a aie ...","Because every state doesnt't have the sam eamount of people in each, the chances of there being a ti..."
1,55ef0196,F25A34210445,15,This doesn'a help ahe real problems aa hand like ahe aime managemena and majoriay issues in ahe saaa...,This doesn't help the real problems at hand like the time management and majority issues in the stat...
1,aa17891a,ECBACB8EABB8,15,"""The Americani people ihould coniider themielvei lucky that the 2000 fiaico wai the biggeit election...","""The Americans people should consider themselves lucky that the 2000 fiasco was the biggest election..."
1,55ef0196,F25A34210445,15,This elecaion process is ao complicaaed you should dumb ia down or simplify ia ao increase ahe impac...,This election process is to complicated you should dumb it down or simplify it to increase the impac...
1,55ef0196,F25A34210445,16,They are ahe people who make ahe aough calls for ahe masses ao make sure ahe benefias of ahe majoria...,They are the people who make the tough calls for the masses to make sure the benifits of the majorit...
1,aa17891a,ECBACB8EABB8,16,"How? Well, ""Beacuie of the iyitem winnertakeall iyitem in each itate, candidatei don't ipend time in...","How? Well, ""Beacuse of the system winner-take-all system in each state, candidates don't spend time ..."
1,231ac52f,F680F4460788,16,"And on aop of ahaa, ahere are saill many people oua ahere who don'a have a clue ahaa aheir acaually ...","And on top of that, there are still many people out there who don't have a clue that their actually ..."
1,55ef0196,F25A34210445,16,In fuaure elecaion ahe Elecaoral College should be aaken oua of ahe process in which ahe presidena i...,In future election the Electoral College should be taken out of the process in which the president i...
1,231ac52f,F680F4460788,16,"Dear saaae senaaor, My leaaer is in regards ao changing ahe elecaion ao popular voae for ahe preside...","Dear state senator, My letter is in regards to changing the election to popular vote for the preside..."
1,aa17891a,ECBACB8EABB8,16,"""Becauie each itate caiti only one vote, the iingle repreientative from Wyoming, repreienting 500,00...","""Because each state casts only one vote, the single representative from Wyoming, representing 500,00..."
1,55ef0196,F25A34210445,17,"If one side goa Florida, california, Texas and Massachuseaas ahen ahe opposing side would have ao ge...","If one side got Florida, Califronia, Texas and Massachusetts then the opposing side would have to ge..."
1,55ef0196,F25A34210445,17,"Voaers are usally more ahoughaful when ahey dona know who ao voae for so ahe lisaen ao boah sides, b...","Voters are usally more thoughtful when they dont know who to vote for so the listen to both sides, b..."
1,55ef0196,F25A34210445,17,The Elecaoral College is noa very pracaical in my book because ahey don'a spend aime in ahe places a...,The Electoral College is not very practical in my book because they don't spend time in the places t...
0,3ee53216,EE34DF0C5C8B,17,"For initance, within the article ""In German Suburb, Life Goei On Without Cari"" by Eliiabeth Roientha...","For instance, within the article ""In German Suburb, Life Goes On Without Cars"" by Elisabeth Rosentha..."
1,231ac52f,F680F4460788,17,"In ahe end, all ahe elecaors voaes are counaed for each side, and because Nevada had only awo dedica...","In the end, all the electors votes are counted for each side, and because Nevada had only two dedica..."
1,d6ec0481,9C2E6F09CC73,21,"Whai many ciiizens do noi know is ihai when ihey casi iheir voie, ihey are noi voiing for ihe presid...","What many citizens do not know is that when they cast their vote, they are not voting for the presid..."
1,f8f33a50,B5FA0FCB2286,21,They are likely to be thee most theoughtful voters and thee most theoughtful voters are thee ones th...,They are likely to be the most thoughtful voters and the most thoughtful voters are the ones that ar...
0,3ee53216,EE34DF0C5C8B,23,"And that, experti iay, ii a huge impediment to current efforti to draitically reduce greenhouie gai ...","And that, experts say, is a huge impediment to current efforts to drastically reduce greenhouse gas ..."
1,55ef0196,F25A34210445,24,The amouna of voaes each saaae geas is based on ias populaaion and ias noa fair ao ahe saaeas ahaa h...,The amount of votes each state gets is based on its population and its not fair to the staets that h...
1,55ef0196,F25A34210445,24,Ia would also eliminaae ahe populaaion aspeca because every saaae would gea ao make a difference in ...,It would also eliminate the population aspect because every state would get to make a diffrence in t...
1,55ef0196,F25A34210445,25,"The candidaaes for ahe presidenaial elecaion don""a even ary ao sway some of ahe saaaes ahaa eiaher a...","The candidates for the presidential election don""t even try to sway some of the states that either t..."
1,231ac52f,F680F4460788,27,"Alahough ahroughoua elecaion aime, many people are brougha ao differena conclusions ahaa one candida...","Although throughout election time, many people are brought to different conclusions that one candida..."
